Id:,Título:,Lista de géneros:,Popularidad:,Nota:
a,d,u,l,t
b,a,c,k,d,r,o,p,_,p,a,t,h
g,e,n,r,e,_,i,d,s
i,d
o,r,i,g,i,n,a,l,_,l,a,n,g,u,a,g,e
o,r,i,g,i,n,a,l,_,t,i,t,l,e
o,v,e,r,v,i,e,w
p,o,p,u,l,a,r,i,t,y
p,o,s,t,e,r,_,p,a,t,h
r,e,l,e,a,s,e,_,d,a,t,e
t,i,t,l,e
v,i,d,e,o
v,o,t,e,_,a,v,e,r,a,g,e
v,o,t,e,_,c,o,u,n,t
a,d,u,l,t
b,a,c,k,d,r,o,p,_,p,a,t,h
g,e,n,r,e,_,i,d,s
i,d
o,r,i,g,i,n,a,l,_,l,a,n,g,u,a,g,e
o,r,i,g,i,n,a,l,_,t,i,t,l,e
o,v,e,r,v,i,e,w
p,o,p,u,l,a,r,i,t,y
p,o,s,t,e,r,_,p,a,t,h
r,e,l,e,a,s,e,_,d,a,t,e
t,i,t,l,e
v,i,d,e,o
v,o,t,e,_,a,v,e,r,a,g,e
v,o,t,e,_,c,o,u,n,t
a,d,u,l,t
b,a,c,k,d,r,o,p,_,p,a,t,h
g,e,n,r,e,_,i,d,s
i,d
o,r,i,g,i,n,a,l,_,l,a,n,g,u,a,g,e
o,r,i,g,i,n,a,l,_,t,i,t,l,e
o,v,e,r,v,i,e,w
p,o,p,u,l,a,r,i,t,y
p,o,s,t,e,r,_,p,a,t,h
r,e,l,e,a,s,e,_,d,a,t,e
t,i,t,l,e
v,i,d,e,o
v,o,t,e,_,a,v,e,r,a,g,e
v,o,t,e,_,c,o,u,n,t
a,d,u,l,t
b,a,c,k,d,r,o,p,_,p,a,t,h
g,e,n,r,e,_,i,d,s
i,d
o,r,i,g,i,n,a,l,_,l,a,n,g,u,a,g,e
o,r,i,g,i,n,a,l,_,t,i,t,l,e
o,v,e,r,v,i,e,w
p,o,p,u,l,a,r,i,t,y
p,o,s,t,e,r,_,p,a,t,h
r,e,l,e,a,s,e,_,d,a,t,e
t,i,t,l,e
v,i,d,e,o
v,o,t,e,_,a,v,e,r,a,g,e
v,o,t,e,_,c,o,u,n,t
a,d,u,l,t
b,a,c,k,d,r,o,p,_,p,a,t,h
g,e,n,r,e,_,i,d,s
i,d
o,r,i,g,i,n,a,l,_,l,a,n,g,u,a,g,e
o,r,i,g,i,n,a,l,_,t,i,t,l,e
o,v,e,r,v,i,e,w
p,o,p,u,l,a,r,i,t,y
p,o,s,t,e,r,_,p,a,t,h
r,e,l,e,a,s,e,_,d,a,t,e
t,i,t,l,e
v,i,d,e,o
v,o,t,e,_,a,v,e,r,a,g,e
v,o,t,e,_,c,o,u,n,t
a,d,u,l,t
b,a,c,k,d,r,o,p,_,p,a,t,h
g,e,n,r,e,_,i,d,s
i,d
o,r,i,g,i,n,a,l,_,l,a,n,g,u,a,g,e
o,r,i,g,i,n,a,l,_,t,i,t,l,e
o,v,e,r,v,i,e,w
p,o,p,u,l,a,r,i,t,y
p,o,s,t,e,r,_,p,a,t,h
r,e,l,e,a,s,e,_,d,a,t,e
t,i,t,l,e
v,i,d,e,o
v,o,t,e,_,a,v,e,r,a,g,e
v,o,t,e,_,c,o,u,n,t
a,d,u,l,t
b,a,c,k,d,r,o,p,_,p,a,t,h
g,e,n,r,e,_,i,d,s
i,d
o,r,i,g,i,n,a,l,_,l,a,n,g,u,a,g,e
o,r,i,g,i,n,a,l,_,t,i,t,l,e
o,v,e,r,v,i,e,w
p,o,p,u,l,a,r,i,t,y
p,o,s,t,e,r,_,p,a,t,h
r,e,l,e,a,s,e,_,d,a,t,e
t,i,t,l,e
v,i,d,e,o
v,o,t,e,_,a,v,e,r,a,g,e
v,o,t,e,_,c,o,u,n,t
a,d,u,l,t
b,a,c,k,d,r,o,p,_,p,a,t,h
g,e,n,r,e,_,i,d,s
i,d
o,r,i,g,i,n,a,l,_,l,a,n,g,u,a,g,e
o,r,i,g,i,n,a,l,_,t,i,t,l,e
o,v,e,r,v,i,e,w
p,o,p,u,l,a,r,i,t,y
p,o,s,t,e,r,_,p,a,t,h
r,e,l,e,a,s,e,_,d,a,t,e
t,i,t,l,e
v,i,d,e,o
v,o,t,e,_,a,v,e,r,a,g,e
v,o,t,e,_,c,o,u,n,t
a,d,u,l,t
b,a,c,k,d,r,o,p,_,p,a,t,h
g,e,n,r,e,_,i,d,s
i,d
o,r,i,g,i,n,a,l,_,l,a,n,g,u,a,g,e
o,r,i,g,i,n,a,l,_,t,i,t,l,e
o,v,e,r,v,i,e,w
p,o,p,u,l,a,r,i,t,y
p,o,s,t,e,r,_,p,a,t,h
r,e,l,e,a,s,e,_,d,a,t,e
t,i,t,l,e
v,i,d,e,o
v,o,t,e,_,a,v,e,r,a,g,e
v,o,t,e,_,c,o,u,n,t
a,d,u,l,t
b,a,c,k,d,r,o,p,_,p,a,t,h
g,e,n,r,e,_,i,d,s
i,d
o,r,i,g,i,n,a,l,_,l,a,n,g,u,a,g,e
o,r,i,g,i,n,a,l,_,t,i,t,l,e
o,v,e,r,v,i,e,w
p,o,p,u,l,a,r,i,t,y
p,o,s,t,e,r,_,p,a,t,h
r,e,l,e,a,s,e,_,d,a,t,e
t,i,t,l,e
v,i,d,e,o
v,o,t,e,_,a,v,e,r,a,g,e
v,o,t,e,_,c,o,u,n,t
a,d,u,l,t
b,a,c,k,d,r,o,p,_,p,a,t,h
g,e,n,r,e,_,i,d,s
i,d
o,r,i,g,i,n,a,l,_,l,a,n,g,u,a,g,e
o,r,i,g,i,n,a,l,_,t,i,t,l,e
o,v,e,r,v,i,e,w
p,o,p,u,l,a,r,i,t,y
p,o,s,t,e,r,_,p,a,t,h
r,e,l,e,a,s,e,_,d,a,t,e
t,i,t,l,e
v,i,d,e,o
v,o,t,e,_,a,v,e,r,a,g,e
v,o,t,e,_,c,o,u,n,t
a,d,u,l,t
b,a,c,k,d,r,o,p,_,p,a,t,h
g,e,n,r,e,_,i,d,s
i,d
o,r,i,g,i,n,a,l,_,l,a,n,g,u,a,g,e
o,r,i,g,i,n,a,l,_,t,i,t,l,e
o,v,e,r,v,i,e,w
p,o,p,u,l,a,r,i,t,y
p,o,s,t,e,r,_,p,a,t,h
r,e,l,e,a,s,e,_,d,a,t,e
t,i,t,l,e
v,i,d,e,o
v,o,t,e,_,a,v,e,r,a,g,e
v,o,t,e,_,c,o,u,n,t
a,d,u,l,t
b,a,c,k,d,r,o,p,_,p,a,t,h
g,e,n,r,e,_,i,d,s
i,d
o,r,i,g,i,n,a,l,_,l,a,n,g,u,a,g,e
o,r,i,g,i,n,a,l,_,t,i,t,l,e
o,v,e,r,v,i,e,w
p,o,p,u,l,a,r,i,t,y
p,o,s,t,e,r,_,p,a,t,h
r,e,l,e,a,s,e,_,d,a,t,e
t,i,t,l,e
v,i,d,e,o
v,o,t,e,_,a,v,e,r,a,g,e
v,o,t,e,_,c,o,u,n,t
a,d,u,l,t
b,a,c,k,d,r,o,p,_,p,a,t,h
g,e,n,r,e,_,i,d,s
i,d
o,r,i,g,i,n,a,l,_,l,a,n,g,u,a,g,e
o,r,i,g,i,n,a,l,_,t,i,t,l,e
o,v,e,r,v,i,e,w
p,o,p,u,l,a,r,i,t,y
p,o,s,t,e,r,_,p,a,t,h
r,e,l,e,a,s,e,_,d,a,t,e
t,i,t,l,e
v,i,d,e,o
v,o,t,e,_,a,v,e,r,a,g,e
v,o,t,e,_,c,o,u,n,t
a,d,u,l,t
b,a,c,k,d,r,o,p,_,p,a,t,h
g,e,n,r,e,_,i,d,s
i,d
o,r,i,g,i,n,a,l,_,l,a,n,g,u,a,g,e
o,r,i,g,i,n,a,l,_,t,i,t,l,e
o,v,e,r,v,i,e,w
p,o,p,u,l,a,r,i,t,y
p,o,s,t,e,r,_,p,a,t,h
r,e,l,e,a,s,e,_,d,a,t,e
t,i,t,l,e
v,i,d,e,o
v,o,t,e,_,a,v,e,r,a,g,e
v,o,t,e,_,c,o,u,n,t
a,d,u,l,t
b,a,c,k,d,r,o,p,_,p,a,t,h
g,e,n,r,e,_,i,d,s
i,d
o,r,i,g,i,n,a,l,_,l,a,n,g,u,a,g,e
o,r,i,g,i,n,a,l,_,t,i,t,l,e
o,v,e,r,v,i,e,w
p,o,p,u,l,a,r,i,t,y
p,o,s,t,e,r,_,p,a,t,h
r,e,l,e,a,s,e,_,d,a,t,e
t,i,t,l,e
v,i,d,e,o
v,o,t,e,_,a,v,e,r,a,g,e
v,o,t,e,_,c,o,u,n,t
a,d,u,l,t
b,a,c,k,d,r,o,p,_,p,a,t,h
g,e,n,r,e,_,i,d,s
i,d
o,r,i,g,i,n,a,l,_,l,a,n,g,u,a,g,e
o,r,i,g,i,n,a,l,_,t,i,t,l,e
o,v,e,r,v,i,e,w
p,o,p,u,l,a,r,i,t,y
p,o,s,t,e,r,_,p,a,t,h
r,e,l,e,a,s,e,_,d,a,t,e
t,i,t,l,e
v,i,d,e,o
v,o,t,e,_,a,v,e,r,a,g,e
v,o,t,e,_,c,o,u,n,t
a,d,u,l,t
b,a,c,k,d,r,o,p,_,p,a,t,h
g,e,n,r,e,_,i,d,s
i,d
o,r,i,g,i,n,a,l,_,l,a,n,g,u,a,g,e
o,r,i,g,i,n,a,l,_,t,i,t,l,e
o,v,e,r,v,i,e,w
p,o,p,u,l,a,r,i,t,y
p,o,s,t,e,r,_,p,a,t,h
r,e,l,e,a,s,e,_,d,a,t,e
t,i,t,l,e
v,i,d,e,o
v,o,t,e,_,a,v,e,r,a,g,e
v,o,t,e,_,c,o,u,n,t
a,d,u,l,t
b,a,c,k,d,r,o,p,_,p,a,t,h
g,e,n,r,e,_,i,d,s
i,d
o,r,i,g,i,n,a,l,_,l,a,n,g,u,a,g,e
o,r,i,g,i,n,a,l,_,t,i,t,l,e
o,v,e,r,v,i,e,w
p,o,p,u,l,a,r,i,t,y
p,o,s,t,e,r,_,p,a,t,h
r,e,l,e,a,s,e,_,d,a,t,e
t,i,t,l,e
v,i,d,e,o
v,o,t,e,_,a,v,e,r,a,g,e
v,o,t,e,_,c,o,u,n,t
a,d,u,l,t
b,a,c,k,d,r,o,p,_,p,a,t,h
g,e,n,r,e,_,i,d,s
i,d
o,r,i,g,i,n,a,l,_,l,a,n,g,u,a,g,e
o,r,i,g,i,n,a,l,_,t,i,t,l,e
o,v,e,r,v,i,e,w
p,o,p,u,l,a,r,i,t,y
p,o,s,t,e,r,_,p,a,t,h
r,e,l,e,a,s,e,_,d,a,t,e
t,i,t,l,e
v,i,d,e,o
v,o,t,e,_,a,v,e,r,a,g,e
v,o,t,e,_,c,o,u,n,t
